{
    "evaluation_date": "2026-07-24T18:40:44Z",
    "active_model_id": "xgboost_v2",
    "model_version": "2.0.0",
    "model_path": "C:\\Projects\\fintech-pipeline\\ml-anomaly-engine\\models\\saved_models_v2\\xgboost_hi_li_small.pkl",
    "model_hash_md5": "6da7cb5fd46d...",
    "dataset": "C:\\Projects\\fintech-pipeline\\ml-anomaly-engine\\data\\processed\\test.parquet",
    "dataset_samples": 1800360,
    "dataset_fraud_rate_pct": 0.0729,
    "threshold": 0.9867,
    "n_samples": 1800360,
    "n_positives": 1312,
    "n_negatives": 1799048,
    "n_predicted_fraud": 684,
    "n_predicted_legit": 1799676,
    "accuracy": 0.9993545735297384,
    "precision": 0.6096491228070176,
    "recall": 0.3178353658536585,
    "f1": 0.41783567134268534,
    "roc_auc": 0.9782481366025456,
    "pr_auc": 0.34400005346483903,
    "inference_sec": 0.8584704000004422,
    "samples_per_sec": 2097171.9001599504
}