{
    "accuracy": 0.216452,
    "precision": 0.043750434807018915,
    "recall": 0.9981899696471833,
    "f1": 0.08382676207848089,
    "roc_auc": 0.5915898414496352,
    "pr_auc": 0.0434550058595263,
    "threshold": 0.36000000000000004
}